time,avg_power_demand_W,energy_demand_kWh,peak_power_W,day,month
2020-11-05,249.59259259259258,3.3695,879.0,Thursday,November
2020-11-06,0.0,0.0,0.0,Friday,November
2020-11-07,0.0,0.0,0.0,Saturday,November
2020-11-08,0.0,0.0,0.0,Sunday,November
2020-11-09,0.0,0.0,0.0,Monday,November
2020-11-10,0.0,0.0,0.0,Tuesday,November
2020-11-11,1410.7118055555557,33.857083333333335,4895.0,Wednesday,November
2020-11-12,0.0,0.0,0.0,Thursday,November
2020-11-13,407.93055555555554,9.790333333333333,1277.0,Friday,November
2020-11-14,298.21527777777777,7.157166666666666,6494.0,Saturday,November
2020-11-15,563.7152777777778,13.529166666666667,6494.0,Sunday,November
2020-11-16,539.8611111111111,12.956666666666667,3887.0,Monday,November
2020-11-17,32.49652777777778,0.7799166666666666,4953.0,Tuesday,November
2020-11-18,1371.173611111111,32.908166666666666,5894.0,Wednesday,November
2020-11-19,0.0,0.0,0.0,Thursday,November
2020-11-20,0.0,0.0,0.0,Friday,November
2020-11-21,0.0,0.0,0.0,Saturday,November
2020-11-22,0.0,0.0,0.0,Sunday,November
2020-11-23,0.0,0.0,0.0,Monday,November
2020-11-24,0.0,0.0,0.0,Tuesday,November
2020-11-25,3248.1319444444443,77.95516666666667,11612.0,Wednesday,November
2020-11-26,0.0,0.0,0.0,Thursday,November
2020-11-27,0.0,0.0,0.0,Friday,November
2020-11-28,0.0,0.0,0.0,Saturday,November
2020-11-29,0.0,0.0,0.0,Sunday,November
2020-11-30,0.0,0.0,0.0,Monday,November
2020-12-01,910.7534722222222,21.858083333333333,4949.0,Tuesday,December
2020-12-02,1527.736111111111,36.66566666666667,12908.0,Wednesday,December
2020-12-03,0.0,0.0,0.0,Thursday,December
2020-12-04,586.625,14.079,1482.0,Friday,December
2020-12-05,0.0,0.0,0.0,Saturday,December
2020-12-06,0.0,0.0,0.0,Sunday,December
2020-12-07,1875.4166666666667,45.01,6430.0,Monday,December
2020-12-08,1148.25,27.558,6124.0,Tuesday,December
2020-12-09,0.0,0.0,0.0,Wednesday,December
2020-12-10,0.0,0.0,0.0,Thursday,December
2020-12-11,0.0,0.0,0.0,Friday,December
2020-12-12,0.0,0.0,0.0,Saturday,December
2020-12-13,0.0,0.0,0.0,Sunday,December
2020-12-14,0.0,0.0,0.0,Monday,December
2020-12-15,0.0,0.0,0.0,Tuesday,December
2020-12-16,0.0,0.0,0.0,Wednesday,December
2020-12-17,1201.1493055555557,28.827583333333337,6527.0,Thursday,December
2020-12-18,1506.1041666666667,36.146499999999996,5561.0,Friday,December
2020-12-19,0.0,0.0,0.0,Saturday,December
2020-12-20,0.0,0.0,0.0,Sunday,December
2020-12-21,0.0,0.0,0.0,Monday,December
2020-12-22,1079.9027777777778,25.917666666666666,5981.0,Tuesday,December
2020-12-23,1166.09375,27.98625,6585.0,Wednesday,December
2020-12-24,0.0,0.0,0.0,Thursday,December
2020-12-25,0.0,0.0,0.0,Friday,December
2020-12-26,0.0,0.0,0.0,Saturday,December
2020-12-27,0.0,0.0,0.0,Sunday,December
2020-12-28,63.385416666666664,1.52125,6085.0,Monday,December
2020-12-29,444.7916666666667,10.675,2100.0,Tuesday,December
2020-12-30,868.2604166666666,20.83825,6099.0,Wednesday,December
2020-12-31,0.0,0.0,0.0,Thursday,December
2021-01-01,0.0,0.0,0.0,Friday,January
2021-01-02,1536.4583333333333,36.875,5900.0,Saturday,January
2021-01-03,0.0,0.0,0.0,Sunday,January
2021-01-04,3279.7326388888887,78.71358333333335,12021.0,Monday,January
2021-01-05,0.0,0.0,0.0,Tuesday,January
2021-01-06,1134.5208333333333,27.2285,5538.0,Wednesday,January
2021-01-07,1261.5208333333333,30.276500000000002,6235.0,Thursday,January
2021-01-08,134.0,3.216,6432.0,Friday,January
2021-01-09,0.0,0.0,0.0,Saturday,January
2021-01-10,0.0,0.0,0.0,Sunday,January
2021-01-11,0.0,0.0,0.0,Monday,January
2021-01-12,0.0,0.0,0.0,Tuesday,January
2021-01-13,1522.65625,36.54375,5847.0,Wednesday,January
2021-01-14,1103.0555555555557,26.473333333333333,5776.0,Thursday,January
2021-01-15,0.0,0.0,0.0,Friday,January
2021-01-16,355.34722222222223,8.528333333333332,5117.0,Saturday,January
2021-01-17,0.0,0.0,0.0,Sunday,January
2021-01-18,0.0,0.0,0.0,Monday,January
2021-01-19,0.0,0.0,0.0,Tuesday,January
2021-01-20,1514.888888888889,36.35733333333333,6528.0,Wednesday,January
2021-01-21,1695.4375,40.6905,5642.0,Thursday,January
2021-01-22,222.43055555555554,5.338333333333333,6406.0,Friday,January
2021-01-23,0.0,0.0,0.0,Saturday,January
2021-01-24,0.0,0.0,0.0,Sunday,January
2021-01-25,388.97222222222223,9.335333333333333,2948.0,Monday,January
2021-01-26,0.0,0.0,0.0,Tuesday,January
2021-01-27,250.64583333333334,6.0155,681.0,Wednesday,January
2021-01-28,2071.0104166666665,49.70425,7974.0,Thursday,January
2021-01-29,575.5138888888889,13.812333333333333,3767.0,Friday,January
2021-01-30,0.0,0.0,0.0,Saturday,January
2021-01-31,0.0,0.0,0.0,Sunday,January
2021-02-01,0.0,0.0,0.0,Monday,February
2021-02-02,431.00694444444446,10.344166666666668,2297.0,Tuesday,February
2021-02-03,694.21875,16.66125,2101.0,Wednesday,February
2021-02-04,193.68055555555554,4.648333333333333,2789.0,Thursday,February
2021-02-05,0.0,0.0,0.0,Friday,February
2021-02-06,253.73263888888889,6.089583333333334,925.0,Saturday,February
2021-02-07,0.0,0.0,0.0,Sunday,February
2021-02-08,186.0,4.464,2232.0,Monday,February
2021-02-09,172.44791666666666,4.138749999999999,1505.0,Tuesday,February
2021-02-10,439.28472222222223,10.542833333333332,1759.0,Wednesday,February
2021-02-11,926.5833333333334,22.238,6321.0,Thursday,February
2021-02-12,1894.920138888889,45.47808333333334,8403.0,Friday,February
2021-02-13,0.0,0.0,0.0,Saturday,February
2021-02-14,1096.0833333333333,26.306,5747.0,Sunday,February
2021-02-15,1665.0,39.96,6480.0,Monday,February
2021-02-16,379.3263888888889,9.103833333333334,3669.0,Tuesday,February
2021-02-17,999.4166666666666,23.986,6523.0,Wednesday,February
2021-02-18,190.5,4.572,381.0,Thursday,February
2021-02-19,381.90972222222223,9.165833333333333,6470.0,Friday,February
2021-02-20,0.0,0.0,0.0,Saturday,February
2021-02-21,0.0,0.0,0.0,Sunday,February
2021-02-22,1248.1875,29.956500000000002,6418.0,Monday,February
2021-02-23,1949.4409722222222,46.78658333333333,10105.0,Tuesday,February
2021-02-24,976.9375,23.4465,6433.0,Wednesday,February
2021-02-25,435.6145833333333,10.454749999999999,2549.0,Thursday,February
2021-02-26,795.1493055555555,19.083583333333333,6458.0,Friday,February
2021-02-27,498.97222222222223,11.975333333333335,6248.0,Saturday,February
2021-02-28,0.0,0.0,0.0,Sunday,February
2021-03-01,3219.8125,77.2755,14523.0,Monday,March
2021-03-02,118.91666666666667,2.854,1427.0,Tuesday,March
2021-03-03,690.8090277777778,16.579416666666667,4469.0,Wednesday,March
2021-03-04,1434.9722222222222,34.43933333333333,7130.0,Thursday,March
2021-03-05,1703.21875,40.87725,14221.0,Friday,March
2021-03-06,0.0,0.0,0.0,Saturday,March
2021-03-07,0.0,0.0,0.0,Sunday,March
2021-03-08,1882.3090277777778,45.17541666666666,7102.0,Monday,March
2021-03-09,605.2152777777778,14.525166666666667,5959.0,Tuesday,March
2021-03-10,910.2395833333334,21.84575,5430.0,Wednesday,March
2021-03-11,1144.125,27.459000000000003,10624.0,Thursday,March
2021-03-12,491.00694444444446,11.784166666666666,6007.0,Friday,March
2021-03-13,942.3784722222222,22.617083333333333,5904.0,Saturday,March
2021-03-14,0.0,0.0,0.0,Sunday,March
2021-03-15,512.34375,12.29625,6185.0,Monday,March
2021-03-16,1035.0243055555557,24.84058333333333,4186.0,Tuesday,March
2021-03-17,444.6666666666667,10.671999999999999,2497.0,Wednesday,March
2021-03-18,1226.3194444444443,29.43166666666667,8319.0,Thursday,March
2021-03-19,1533.4409722222222,36.80258333333334,6394.0,Friday,March
2021-03-20,491.34375,11.79225,5241.0,Saturday,March
2021-03-21,0.0,0.0,0.0,Sunday,March
2021-03-22,808.3506944444445,19.400416666666665,6238.0,Monday,March
2021-03-23,260.85069444444446,6.260416666666667,3005.0,Tuesday,March
2021-03-24,3043.28125,73.03875,14330.0,Wednesday,March
2021-03-25,3475.3263888888887,83.40783333333333,16055.0,Thursday,March
2021-03-26,2741.4305555555557,65.79433333333333,12551.0,Friday,March
2021-03-27,607.8923611111111,14.589416666666667,6037.0,Saturday,March
2021-03-28,0.0,0.0,0.0,Sunday,March
2021-03-29,4512.104166666667,108.29050000000001,15817.0,Monday,March
2021-03-30,440.91319444444446,10.581916666666666,2217.0,Tuesday,March
2021-03-31,1161.5694444444443,27.877666666666666,7610.0,Wednesday,March
2021-04-01,4332.746527777777,103.98591666666667,14147.0,Thursday,April
2021-04-02,1710.1493055555557,41.04358333333333,6155.0,Friday,April
2021-04-03,0.0,0.0,0.0,Saturday,April
2021-04-04,0.0,0.0,0.0,Sunday,April
2021-04-05,2441.8888888888887,58.605333333333334,11327.0,Monday,April
2021-04-06,3175.7291666666665,76.2175,17895.0,Tuesday,April
2021-04-07,882.1354166666666,21.17125,5757.0,Wednesday,April
2021-04-08,2215.9444444444443,53.18266666666667,5888.0,Thursday,April
2021-04-09,2487.034722222222,59.688833333333335,9501.0,Friday,April
2021-04-10,0.0,0.0,0.0,Saturday,April
2021-04-11,0.0,0.0,0.0,Sunday,April
2021-04-12,4059.46875,97.42724999999999,16557.0,Monday,April
2021-04-13,2695.3229166666665,64.68775000000001,8396.0,Tuesday,April
2021-04-14,4791.784722222223,115.00283333333334,16067.0,Wednesday,April
2021-04-15,3728.784722222222,89.49083333333334,12557.0,Thursday,April
2021-04-16,1678.625,40.287,8846.0,Friday,April
2021-04-17,1244.6354166666667,29.87125,6531.0,Saturday,April
2021-04-18,0.0,0.0,0.0,Sunday,April
2021-04-19,5068.024305555556,121.63258333333333,14443.0,Monday,April
2021-04-20,259.21875,6.2212499999999995,711.0,Tuesday,April
2021-04-21,0.0,0.0,0.0,Wednesday,April
2021-04-22,2348.7986111111113,56.371166666666674,6322.0,Thursday,April
2021-04-23,1284.548611111111,30.82916666666667,9829.0,Friday,April
2021-04-24,229.63541666666666,5.51125,1473.0,Saturday,April
2021-04-25,0.0,0.0,0.0,Sunday,April
2021-04-26,3902.90625,93.66975,12689.0,Monday,April
2021-04-27,599.6840277777778,14.392416666666666,2518.0,Tuesday,April
2021-04-28,4215.048611111111,101.16116666666666,15287.0,Wednesday,April
2021-04-29,6390.190972222223,153.36458333333334,19787.0,Thursday,April
2021-04-30,1692.795138888889,40.62708333333334,6867.0,Friday,April
2021-05-01,523.75,12.57,6285.0,Saturday,May
2021-05-02,0.0,0.0,0.0,Sunday,May
2021-05-03,664.9166666666666,15.958,6003.0,Monday,May
2021-05-04,3308.1805555555557,79.39633333333333,12266.0,Tuesday,May
2021-05-05,405.9548611111111,9.742916666666668,2621.0,Wednesday,May
2021-05-06,3401.4131944444443,81.63391666666666,11676.0,Thursday,May
2021-05-07,1042.5625,25.0215,9194.0,Friday,May
2021-05-08,1197.1666666666667,28.732,3918.0,Saturday,May
2021-05-09,0.0,0.0,0.0,Sunday,May
2021-05-10,1987.576388888889,47.70183333333333,8417.0,Monday,May
2021-05-11,4053.9861111111113,97.29566666666666,10684.0,Tuesday,May
2021-05-12,2547.2291666666665,61.1335,7030.0,Wednesday,May
2021-05-13,3313.0138888888887,79.51233333333333,10428.0,Thursday,May
2021-05-14,1435.2083333333333,34.445,5498.0,Friday,May
2021-05-15,173.63888888888889,4.167333333333334,658.0,Saturday,May
2021-05-16,0.0,0.0,0.0,Sunday,May
2021-05-17,4009.71875,96.23325,15855.0,Monday,May
2021-05-18,200.55555555555554,4.8133333333333335,3040.0,Tuesday,May
2021-05-19,4551.986111111111,109.24766666666666,16784.0,Wednesday,May
2021-05-20,1313.59375,31.52625,4099.0,Thursday,May
2021-05-21,2021.25,48.510000000000005,6468.0,Friday,May
2021-05-22,107.20833333333333,2.573,2573.0,Saturday,May
2021-05-23,0.0,0.0,0.0,Sunday,May
2021-05-24,4601.305555555556,110.43133333333333,17241.0,Monday,May
2021-05-25,3055.6319444444443,73.33516666666667,8438.0,Tuesday,May
2021-05-26,174.93055555555554,4.198333333333333,2290.0,Wednesday,May
2021-05-27,3787.4791666666665,90.8995,11742.0,Thursday,May
2021-05-28,492.7916666666667,11.827,5620.0,Friday,May
2021-05-29,253.10763888888889,6.074583333333334,1195.0,Saturday,May
2021-05-30,0.0,0.0,0.0,Sunday,May
2021-05-31,0.0,0.0,0.0,Monday,May
2021-06-01,0.0,0.0,0.0,Tuesday,June
2021-06-02,4724.520833333333,113.3885,12235.0,Wednesday,June
2021-06-03,1965.326388888889,47.167833333333334,7477.0,Thursday,June
2021-06-04,2639.59375,63.35025,6446.0,Friday,June
2021-06-05,0.0,0.0,0.0,Saturday,June
2021-06-06,0.0,0.0,0.0,Sunday,June
2021-06-07,1172.263888888889,28.13433333333333,4340.0,Monday,June
2021-06-08,4741.753472222223,113.80208333333333,15412.0,Tuesday,June
2021-06-09,168.5,4.0440000000000005,2696.0,Wednesday,June
2021-06-10,3026.4791666666665,72.6355,9757.0,Thursday,June
2021-06-11,3697.4479166666665,88.73875,9666.0,Friday,June
2021-06-12,2092.7569444444443,50.226166666666664,6428.0,Saturday,June
2021-06-13,1423.6979166666667,34.168749999999996,5467.0,Sunday,June
2021-06-14,2295.527777777778,55.09266666666667,14068.0,Monday,June
2021-06-15,2307.371527777778,55.376916666666666,6445.0,Tuesday,June
2021-06-16,397.53125,9.540750000000001,2753.0,Wednesday,June
2021-06-17,2488.2638888888887,59.718333333333334,5812.0,Thursday,June
2021-06-18,1146.638888888889,27.519333333333336,6422.0,Friday,June
2021-06-19,194.6875,4.6725,3115.0,Saturday,June
2021-06-20,0.0,0.0,0.0,Sunday,June
2021-06-21,3386.8611111111113,81.28466666666667,15211.0,Monday,June
2021-06-22,2680.5451388888887,64.33308333333333,11614.0,Tuesday,June
2021-06-23,2626.4444444444443,63.034666666666666,7361.0,Wednesday,June
2021-06-24,934.4305555555555,22.426333333333336,6141.0,Thursday,June
2021-06-25,8640.263888888889,207.36633333333333,27095.0,Friday,June
2021-06-26,1274.09375,30.578250000000004,6246.0,Saturday,June
2021-06-27,2018.9791666666667,48.4555,6724.0,Sunday,June
2021-06-28,2592.1006944444443,62.21041666666667,11646.0,Monday,June
2021-06-29,6067.1875,145.61249999999998,24081.0,Tuesday,June
2021-06-30,3037.9791666666665,72.9115,12820.0,Wednesday,June
2021-07-01,1200.326388888889,28.80783333333333,7117.0,Thursday,July
2021-07-02,2214.1631944444443,53.13991666666667,12596.0,Friday,July
2021-07-03,389.3611111111111,9.344666666666667,2180.0,Saturday,July
2021-07-04,900.9375,21.6225,5766.0,Sunday,July
2021-07-05,162.63541666666666,3.9032500000000003,3603.0,Monday,July
2021-07-06,5151.722222222223,123.64133333333334,19562.0,Tuesday,July
2021-07-07,2268.8680555555557,54.45283333333333,7879.0,Wednesday,July
2021-07-08,1260.6458333333333,30.2555,5501.0,Thursday,July
2021-07-09,4231.166666666667,101.548,13096.0,Friday,July
2021-07-10,1354.920138888889,32.51808333333334,6397.0,Saturday,July
2021-07-11,0.0,0.0,0.0,Sunday,July
2021-07-12,4006.0625,96.1455,13972.0,Monday,July
2021-07-13,2159.8680555555557,51.83683333333334,18924.0,Tuesday,July
2021-07-14,6286.579861111111,150.87791666666666,23971.0,Wednesday,July
2021-07-15,2557.2743055555557,61.374583333333334,8257.0,Thursday,July
2021-07-16,3687.746527777778,88.50591666666666,9763.0,Friday,July
2021-07-17,232.23958333333334,5.57375,1365.0,Saturday,July
2021-07-18,249.55555555555554,5.989333333333334,2985.0,Sunday,July
2021-07-19,2318.684027777778,55.64841666666667,6580.0,Monday,July
2021-07-20,6240.333333333333,149.768,22152.0,Tuesday,July
2021-07-21,5402.385416666667,129.65725,14055.0,Wednesday,July
2021-07-22,1166.8333333333333,28.004,6522.0,Thursday,July
2021-07-23,2092.5798611111113,50.221916666666665,12825.0,Friday,July
2021-07-24,262.0833333333333,6.29,1020.0,Saturday,July
2021-07-25,0.0,0.0,0.0,Sunday,July
2021-07-26,3062.8645833333335,73.50875,11964.0,Monday,July
2021-07-27,1645.7291666666667,39.4975,6405.0,Tuesday,July
2021-07-28,2314.2569444444443,55.54216666666667,12349.0,Wednesday,July
2021-07-29,573.5,13.764,1776.0,Thursday,July
2021-07-30,4816.59375,115.59825000000001,21006.0,Friday,July
2021-07-31,299.69097222222223,7.192583333333333,1121.0,Saturday,July
2021-08-01,0.0,0.0,0.0,Sunday,August
2021-08-02,4546.354166666667,109.11250000000001,13468.0,Monday,August
2021-08-03,2836.6145833333335,68.07875,11400.0,Tuesday,August
2021-08-04,5223.75,125.37,17864.0,Wednesday,August
2021-08-05,808.875,19.413,6471.0,Thursday,August
2021-08-06,3398.902777777778,81.57366666666667,7649.0,Friday,August
2021-08-07,1262.5104166666667,30.30025,6379.0,Saturday,August
2021-08-08,2394.809027777778,57.47541666666666,12122.0,Sunday,August
2021-08-09,6257.652777777777,150.18366666666665,18576.0,Monday,August
2021-08-10,3379.652777777778,81.11166666666666,10321.0,Tuesday,August
2021-08-11,2623.996527777778,62.97591666666667,7942.0,Wednesday,August
2021-08-12,1359.763888888889,32.63433333333333,6257.0,Thursday,August
2021-08-13,6480.006944444444,155.52016666666665,16391.0,Friday,August
2021-08-14,0.0,0.0,0.0,Saturday,August
2021-08-15,1698.9166666666667,40.773999999999994,9395.0,Sunday,August
2021-08-16,310.09027777777777,7.442166666666666,6379.0,Monday,August
2021-08-17,5293.614583333333,127.04675,17829.0,Tuesday,August
2021-08-18,2444.1180555555557,58.65883333333334,8797.0,Wednesday,August
2021-08-19,2023.5069444444443,48.56416666666666,5770.0,Thursday,August
2021-08-20,4510.795138888889,108.25908333333334,14427.0,Friday,August
2021-08-21,2187.909722222222,52.50983333333333,7241.0,Saturday,August
2021-08-22,1115.7881944444443,26.778916666666667,6546.0,Sunday,August
2021-08-23,599.375,14.385,3911.0,Monday,August
2021-08-24,3295.75,79.098,11169.0,Tuesday,August
2021-08-25,1598.8055555555557,38.37133333333333,9378.0,Wednesday,August
2021-08-26,5091.756944444444,122.20216666666667,13243.0,Thursday,August
2021-08-27,6204.440972222223,148.90658333333334,24607.0,Friday,August
2021-08-28,889.0138888888889,21.336333333333332,5467.0,Saturday,August
2021-08-29,1621.7152777777778,38.921166666666664,6398.0,Sunday,August
2021-08-30,2517.0520833333335,60.40925,8494.0,Monday,August
2021-08-31,0.0,0.0,0.0,Tuesday,August
2021-09-01,4178.246527777777,100.27791666666667,14915.0,Wednesday,September
2021-09-02,1955.079861111111,46.92191666666667,6203.0,Thursday,September
2021-09-03,6183.618055555556,148.40683333333334,23745.0,Friday,September
2021-09-04,0.0,0.0,0.0,Saturday,September
2021-09-05,468.37152777777777,11.240916666666667,3137.0,Sunday,September
2021-09-06,1255.0868055555557,30.122083333333332,5561.0,Monday,September
2021-09-07,7327.329861111111,175.85591666666667,27914.0,Tuesday,September
2021-09-08,5262.819444444444,126.30766666666668,23032.0,Wednesday,September
2021-09-09,3197.4618055555557,76.73908333333334,16238.0,Thursday,September
2021-09-10,7743.607638888889,185.84658333333334,19697.0,Friday,September
2021-09-11,298.2361111111111,7.157666666666667,3316.0,Saturday,September
2021-09-12,1230.5833333333333,29.534,9410.0,Sunday,September
2021-09-13,3530.3055555555557,84.72733333333333,11623.0,Monday,September
2021-09-14,6915.635416666667,165.97525,26101.0,Tuesday,September
2021-09-15,2904.0381944444443,69.69691666666667,8151.0,Wednesday,September
2021-09-16,8233.034722222223,197.59283333333335,25872.0,Thursday,September
2021-09-17,5625.402777777777,135.00966666666667,16496.0,Friday,September
2021-09-18,0.0,0.0,0.0,Saturday,September
2021-09-19,165.39583333333334,3.9695,1401.0,Sunday,September
2021-09-20,6725.5,161.41199999999998,23316.0,Monday,September
2021-09-21,2610.184027777778,62.64441666666667,9942.0,Tuesday,September
2021-09-22,7918.354166666667,190.0405,29230.0,Wednesday,September
2021-09-23,2133.159722222222,51.195833333333326,20830.0,Thursday,September
2021-09-24,8642.013888888889,207.40833333333333,37207.0,Friday,September
2021-09-25,1504.2916666666667,36.103,6457.0,Saturday,September
2021-09-26,0.14583333333333334,0.0035,2.0,Sunday,September
2021-09-27,5172.725694444444,124.14541666666666,25848.0,Monday,September
2021-09-28,4547.649305555556,109.14358333333334,20830.0,Tuesday,September
2021-09-29,3477.4583333333335,83.459,16168.0,Wednesday,September
2021-09-30,4129.784722222223,99.11483333333334,22512.0,Thursday,September
2021-10-01,2632.7916666666665,63.187,13201.0,Friday,October
2021-10-02,324.6875,7.7924999999999995,6234.0,Saturday,October
2021-10-03,1013.4895833333334,24.32375,6467.0,Sunday,October
2021-10-04,3821.7708333333335,91.7225,11024.0,Monday,October
2021-10-05,5567.628472222223,133.62308333333334,21629.0,Tuesday,October
2021-10-06,5069.465277777777,121.66716666666667,34775.0,Wednesday,October
2021-10-07,3694.1006944444443,88.65841666666667,15557.0,Thursday,October
2021-10-08,5918.149305555556,142.03558333333334,17213.0,Friday,October
2021-10-09,304.8020833333333,7.31525,3038.0,Saturday,October
2021-10-10,184.125,4.4190000000000005,2946.0,Sunday,October
2021-10-11,5264.392361111111,126.34541666666667,16904.0,Monday,October
2021-10-12,3492.409722222222,83.81783333333334,14422.0,Tuesday,October
2021-10-13,4811.579861111111,115.47791666666667,22917.0,Wednesday,October
2021-10-14,4962.694444444444,119.10466666666666,13401.0,Thursday,October
2021-10-15,6342.145833333333,152.2115,30995.0,Friday,October
2021-10-16,2036.6666666666667,48.88,6240.0,Saturday,October
2021-10-17,0.0,0.0,0.0,Sunday,October
2021-10-18,3123.7881944444443,74.97091666666667,10444.0,Monday,October
2021-10-19,1879.375,45.105,6014.0,Tuesday,October
2021-10-20,733.0277777777778,17.592666666666666,4744.0,Wednesday,October
2021-10-21,465.8611111111111,11.180666666666667,1558.0,Thursday,October
2021-10-22,3885.722222222222,93.25733333333334,10785.0,Friday,October
2021-10-23,0.0,0.0,0.0,Saturday,October
2021-10-24,0.0,0.0,0.0,Sunday,October
2021-10-25,352.0,8.448,1056.0,Monday,October
2021-10-26,8424.868055555555,202.19683333333333,26799.0,Tuesday,October
2021-10-27,7166.552083333333,171.99725,22478.0,Wednesday,October
2021-10-28,5777.291666666667,138.655,21520.0,Thursday,October
2021-10-29,9774.232638888889,234.58158333333333,29514.0,Friday,October
2021-10-30,497.4166666666667,11.938,1524.0,Saturday,October
2021-10-31,1588.0833333333333,38.114,7952.0,Sunday,October
2021-11-01,7259.503472222223,174.22808333333333,24383.0,Monday,November
2021-11-02,3215.6423611111113,77.17541666666666,13536.0,Tuesday,November
2021-11-03,5526.642361111111,132.63941666666668,27532.0,Wednesday,November
2021-11-04,4611.413194444444,110.67391666666667,22351.0,Thursday,November
2021-11-05,4673.309027777777,112.15941666666667,20810.0,Friday,November
2021-11-06,1233.388888888889,29.601333333333333,5964.0,Saturday,November
2021-11-07,855.5,20.532,9745.0,Sunday,November
2021-11-08,4984.027777777777,119.61666666666666,21469.0,Monday,November
2021-11-09,4688.010416666667,112.51225000000001,15643.0,Tuesday,November
2021-11-10,3885.4201388888887,93.25008333333334,15522.0,Wednesday,November
2021-11-11,1367.9652777777778,32.83116666666667,4532.0,Thursday,November
2021-11-12,3824.4444444444443,91.78666666666666,19991.0,Friday,November
2021-11-13,0.0,0.0,0.0,Saturday,November
2021-11-14,0.0,0.0,0.0,Sunday,November
2021-11-15,1927.8125,46.2675,5970.0,Monday,November
2021-11-16,4212.170138888889,101.09208333333333,13747.0,Tuesday,November
2021-11-17,5648.1875,135.5565,23495.0,Wednesday,November
2021-11-18,9744.770833333334,233.87449999999998,28682.0,Thursday,November
2021-11-19,8550.427083333334,205.21025,28216.0,Friday,November
2021-11-20,202.05208333333334,4.84925,2771.0,Saturday,November
2021-11-21,1000.3819444444445,24.00916666666667,6130.0,Sunday,November
2021-11-22,3021.0763888888887,72.50583333333333,12346.0,Monday,November
2021-11-23,5993.204861111111,143.83691666666667,22170.0,Tuesday,November
2021-11-24,79.96527777777777,1.9191666666666665,470.0,Wednesday,November
2021-11-25,2354.7048611111113,56.51291666666667,5897.0,Thursday,November
2021-11-26,802.625,19.263,6421.0,Friday,November
2021-11-27,1106.4479166666667,26.55475,5769.0,Saturday,November
2021-11-28,0.0,0.0,0.0,Sunday,November
2021-11-29,9085.447916666666,218.05075,29478.0,Monday,November
2021-11-30,6043.579861111111,145.04591666666667,26392.0,Tuesday,November
2021-12-01,3670.6076388888887,88.09458333333333,13208.0,Wednesday,December
2021-12-02,1589.7881944444443,38.154916666666665,6476.0,Thursday,December
2021-12-03,7607.034722222223,182.56883333333334,24965.0,Friday,December
2021-12-04,0.0,0.0,0.0,Saturday,December
2021-12-05,1954.1666666666667,46.900000000000006,8400.0,Sunday,December
2021-12-06,3101.3576388888887,74.43258333333334,13162.0,Monday,December
2021-12-07,8739.857638888889,209.75658333333334,23381.0,Tuesday,December
2021-12-08,9494.59375,227.87025,27604.0,Wednesday,December
2021-12-09,7092.659722222223,170.22383333333332,25496.0,Thursday,December
2021-12-10,10391.319444444445,249.39166666666665,30171.0,Friday,December
2021-12-11,202.96875,4.87125,2651.0,Saturday,December
2021-12-12,0.0,0.0,0.0,Sunday,December
2021-12-13,7710.079861111111,185.04191666666665,24744.0,Monday,December
2021-12-14,5383.263888888889,129.19833333333332,14104.0,Tuesday,December
2021-12-15,5521.840277777777,132.52416666666667,16904.0,Wednesday,December
2021-12-16,5232.638888888889,125.58333333333333,9556.0,Thursday,December
2021-12-17,5328.517361111111,127.88441666666665,22652.0,Friday,December
2021-12-18,2481.0833333333335,59.546,16837.0,Saturday,December
2021-12-19,353.34027777777777,8.480166666666666,5986.0,Sunday,December
2021-12-20,2914.340277777778,69.94416666666667,12640.0,Monday,December
2021-12-21,5753.09375,138.07425,17677.0,Tuesday,December
2021-12-22,2300.9201388888887,55.22208333333333,10001.0,Wednesday,December
2021-12-23,1867.2847222222222,44.81483333333333,9105.0,Thursday,December
2021-12-24,0.0,0.0,0.0,Friday,December
2021-12-25,0.0,0.0,0.0,Saturday,December
2021-12-26,0.0,0.0,0.0,Sunday,December
2021-12-27,0.0,0.0,0.0,Monday,December
2021-12-28,0.0,0.0,0.0,Tuesday,December
2021-12-29,283.5173611111111,6.804416666666667,3179.0,Wednesday,December
2021-12-30,102.82986111111111,2.4679166666666665,5923.0,Thursday,December
2021-12-31,1533.6493055555557,36.80758333333333,6221.0,Friday,December
2022-01-01,1838.392361111111,44.12141666666666,6379.0,Saturday,January
2022-01-02,0.0,0.0,0.0,Sunday,January
2022-01-03,6566.944444444444,157.60666666666668,25070.0,Monday,January
2022-01-04,3187.15625,76.49175,11190.0,Tuesday,January
2022-01-05,3936.1145833333335,94.46675,20236.0,Wednesday,January
2022-01-06,4266.413194444444,102.39391666666666,17334.0,Thursday,January
2022-01-07,3015.1736111111113,72.36416666666668,9922.0,Friday,January
2022-01-08,215.98958333333334,5.18375,1131.0,Saturday,January
2022-01-09,1862.888888888889,44.70933333333334,6464.0,Sunday,January
2022-01-10,3433.65625,82.40775000000001,13446.0,Monday,January
2022-01-11,2730.5104166666665,65.53224999999999,9892.0,Tuesday,January
2022-01-12,4272.461805555556,102.53908333333334,19617.0,Wednesday,January
2022-01-13,4779.579861111111,114.70991666666666,17761.0,Thursday,January
2022-01-14,1969.6527777777778,47.27166666666667,7385.0,Friday,January
2022-01-15,1424.767361111111,34.19441666666667,5621.0,Saturday,January
2022-01-16,0.0,0.0,0.0,Sunday,January
2022-01-17,157.83333333333334,3.788,947.0,Monday,January
2022-01-18,5281.458333333333,126.755,14994.0,Tuesday,January
2022-01-19,0.0,0.0,0.0,Wednesday,January
2022-01-20,505.7083333333333,12.137,687.0,Thursday,January
2022-01-21,4131.621527777777,99.15891666666667,14664.0,Friday,January
2022-01-22,1505.5555555555557,36.13333333333333,6210.0,Saturday,January
2022-01-23,2312.7395833333335,55.505750000000006,6320.0,Sunday,January
2022-01-24,2419.2743055555557,58.062583333333336,11993.0,Monday,January
2022-01-25,3388.5451388888887,81.32508333333332,13506.0,Tuesday,January
2022-01-26,3433.8576388888887,82.41258333333333,7301.0,Wednesday,January
2022-01-27,2478.4895833333335,59.48375,6476.0,Thursday,January
2022-01-28,1460.1979166666667,35.04475,12807.0,Friday,January
2022-01-29,376.09722222222223,9.026333333333334,2083.0,Saturday,January
2022-01-30,0.0,0.0,0.0,Sunday,January
2022-01-31,1655.1979166666667,39.72475,9976.0,Monday,January
2022-02-01,5464.440972222223,131.14658333333333,17899.0,Tuesday,February
2022-02-02,4071.3611111111113,97.71266666666666,15927.0,Wednesday,February
2022-02-03,2438.534722222222,58.52483333333333,21574.0,Thursday,February
2022-02-04,3340.7361111111113,80.17766666666667,13342.0,Friday,February
2022-02-05,3402.559027777778,81.66141666666667,9294.0,Saturday,February
2022-02-06,3488.9513888888887,83.73483333333333,13618.0,Sunday,February
2022-02-07,2224.784722222222,53.39483333333334,6878.0,Monday,February
2022-02-08,2669.1770833333335,64.06025,11711.0,Tuesday,February
2022-02-09,5405.440972222223,129.73058333333333,14653.0,Wednesday,February
2022-02-10,1559.2777777777778,37.42266666666667,7208.0,Thursday,February
2022-02-11,3499.15625,83.97975,14686.0,Friday,February
2022-02-12,2655.715277777778,63.73716666666667,6065.0,Saturday,February
2022-02-13,513.3680555555555,12.320833333333333,2957.0,Sunday,February
2022-02-14,1843.0972222222222,44.23433333333333,8725.0,Monday,February
2022-02-15,1580.9583333333333,37.943,8003.0,Tuesday,February
2022-02-16,4045.7638888888887,97.09833333333333,19141.0,Wednesday,February
2022-02-17,4722.715277777777,113.34516666666666,14109.0,Thursday,February
2022-02-18,1243.7465277777778,29.849916666666665,12163.0,Friday,February
2022-02-19,2566.8298611111113,61.60391666666667,6408.0,Saturday,February
2022-02-20,838.375,20.121,6195.0,Sunday,February
2022-02-21,3635.715277777778,87.25716666666666,13205.0,Monday,February
2022-02-22,4286.732638888889,102.88158333333334,19608.0,Tuesday,February
2022-02-23,2495.0763888888887,59.88183333333333,13138.0,Wednesday,February
2022-02-24,4832.927083333333,115.99025,21035.0,Thursday,February
2022-02-25,4750.034722222223,114.00083333333333,12442.0,Friday,February
2022-02-26,745.0729166666666,17.88175,2796.0,Saturday,February
2022-02-27,239.0,5.736,239.0,Sunday,February
2022-02-28,1972.048611111111,47.329166666666666,13445.0,Monday,February
2022-03-01,4613.090277777777,110.71416666666666,17556.0,Tuesday,March
2022-03-02,7026.840277777777,168.64416666666668,24721.0,Wednesday,March
2022-03-03,6210.121527777777,149.04291666666666,13944.0,Thursday,March
2022-03-04,3581.71875,85.96124999999999,12681.0,Friday,March
2022-03-05,1020.9618055555555,24.503083333333333,6027.0,Saturday,March
2022-03-06,484.0,11.616,2759.0,Sunday,March
2022-03-07,1816.361111111111,43.592666666666666,12593.0,Monday,March
2022-03-08,8159.645833333333,195.8315,29689.0,Tuesday,March
2022-03-09,4236.975694444444,101.68741666666666,17633.0,Wednesday,March
2022-03-10,3118.2326388888887,74.83758333333333,16041.0,Thursday,March
2022-03-11,1427.4652777777778,34.259166666666665,5817.0,Friday,March
2022-03-12,617.5173611111111,14.820416666666667,3246.0,Saturday,March
2022-03-13,2961.840277777778,71.08416666666666,12551.0,Sunday,March
2022-03-14,603.6041666666666,14.4865,5985.0,Monday,March
2022-03-15,5923.989583333333,142.17575,21654.0,Tuesday,March
2022-03-16,4291.541666666667,102.997,12725.0,Wednesday,March
2022-03-17,4364.934027777777,104.75841666666668,14829.0,Thursday,March
2022-03-18,3098.4791666666665,74.3635,22061.0,Friday,March
2022-03-19,329.0104166666667,7.896249999999999,6317.0,Saturday,March
2022-03-20,0.0,0.0,0.0,Sunday,March
2022-03-21,186.58680555555554,4.478083333333333,2685.0,Monday,March
2022-03-22,4950.71875,118.81725,21754.0,Tuesday,March
2022-03-23,1255.03125,30.12075,6526.0,Wednesday,March
2022-03-24,1030.7604166666667,24.73825,6277.0,Thursday,March
2022-03-25,1620.7777777777778,38.89866666666667,10702.0,Friday,March
2022-03-26,435.52430555555554,10.452583333333333,2917.0,Saturday,March
2022-03-27,0.0,0.0,0.0,Sunday,March
2022-03-28,6922.076388888889,166.12983333333332,18656.0,Monday,March
2022-03-29,4715.381944444444,113.16916666666667,11246.0,Tuesday,March
2022-03-30,4630.545138888889,111.13308333333333,19561.0,Wednesday,March
2022-03-31,1937.3854166666667,46.497249999999994,7273.0,Thursday,March
2022-04-01,4044.934027777778,97.07841666666667,17747.0,Friday,April
2022-04-02,588.1284722222222,14.115083333333333,6967.0,Saturday,April
2022-04-03,276.46527777777777,6.635166666666667,1942.0,Sunday,April
2022-04-04,3462.75,83.106,12254.0,Monday,April
2022-04-05,2450.4131944444443,58.809916666666666,8926.0,Tuesday,April
2022-04-06,4640.027777777777,111.36066666666666,18538.0,Wednesday,April
2022-04-07,2385.871527777778,57.26091666666667,11676.0,Thursday,April
2022-04-08,4960.243055555556,119.04583333333333,18017.0,Friday,April
2022-04-09,1212.9895833333333,29.11175,3294.0,Saturday,April
2022-04-10,1110.1041666666667,26.642499999999995,5382.0,Sunday,April
2022-04-11,3057.690972222222,73.38458333333334,14998.0,Monday,April
2022-04-12,5119.600694444444,122.87041666666666,16825.0,Tuesday,April
2022-04-13,4662.829861111111,111.90791666666665,16182.0,Wednesday,April
2022-04-14,7150.958333333333,171.623,22425.0,Thursday,April
2022-04-15,219.70138888888889,5.272833333333334,4217.0,Friday,April
2022-04-16,0.0,0.0,0.0,Saturday,April
2022-04-17,0.0,0.0,0.0,Sunday,April
2022-04-18,0.0,0.0,0.0,Monday,April
2022-04-19,0.0,0.0,0.0,Tuesday,April
2022-04-20,0.0,0.0,0.0,Wednesday,April
2022-04-21,0.0,0.0,0.0,Thursday,April
2022-04-22,0.0,0.0,0.0,Friday,April
2022-04-23,0.0,0.0,0.0,Saturday,April
2022-04-24,0.0,0.0,0.0,Sunday,April
2022-04-25,39.80555555555556,0.9553333333333334,5732.0,Monday,April
2022-04-26,6288.809027777777,150.93141666666668,22594.0,Tuesday,April
2022-04-27,1974.1319444444443,47.37916666666666,21099.0,Wednesday,April
2022-04-28,2409.46875,57.82725,7173.0,Thursday,April
2022-04-29,1191.6666666666667,28.6,3811.0,Friday,April
2022-04-30,579.9305555555555,13.918333333333335,3500.0,Saturday,April
2022-05-01,1049.2256944444443,25.181416666666667,8276.0,Sunday,May
2022-05-02,5464.298611111111,131.14316666666667,15997.0,Monday,May
2022-05-03,4930.819444444444,118.33966666666667,17372.0,Tuesday,May
2022-05-04,3905.628472222222,93.73508333333334,15950.0,Wednesday,May
2022-05-05,3447.6493055555557,82.74358333333333,10431.0,Thursday,May
2022-05-06,8051.194444444444,193.22866666666667,27265.0,Friday,May
2022-05-07,0.0,0.0,0.0,Saturday,May
2022-05-08,0.0,0.0,0.0,Sunday,May
2022-05-09,3890.3680555555557,93.36883333333334,18194.0,Monday,May
2022-05-10,8170.6875,196.0965,29220.0,Tuesday,May
2022-05-11,4560.840277777777,109.46016666666668,21065.0,Wednesday,May
2022-05-12,1368.9722222222222,32.855333333333334,9157.0,Thursday,May
2022-05-13,3413.8263888888887,81.93183333333333,12228.0,Friday,May
2022-05-14,0.0,0.0,0.0,Saturday,May
2022-05-15,0.0,0.0,0.0,Sunday,May
2022-05-16,3190.7638888888887,76.57833333333333,10875.0,Monday,May
2022-05-17,4202.513888888889,100.86033333333334,12550.0,Tuesday,May
2022-05-18,2409.59375,57.83025,9549.0,Wednesday,May
2022-05-19,4607.71875,110.58525,28862.0,Thursday,May
2022-05-20,3343.215277777778,80.23716666666667,12253.0,Friday,May
2022-05-21,1341.607638888889,32.19858333333333,9337.0,Saturday,May
2022-05-22,0.0,0.0,0.0,Sunday,May
2022-05-23,6376.892361111111,153.04541666666668,28960.0,Monday,May
2022-05-24,2722.8645833333335,65.34875,13789.0,Tuesday,May
2022-05-25,3918.690972222222,94.04858333333333,14334.0,Wednesday,May
2022-05-26,4243.597222222223,101.84633333333333,10881.0,Thursday,May
2022-05-27,3394.1770833333335,81.46024999999999,12136.0,Friday,May
2022-05-28,111.33680555555556,2.672083333333333,2915.0,Saturday,May
2022-05-29,253.03819444444446,6.072916666666667,2915.0,Sunday,May
2022-05-30,0.0,0.0,0.0,Monday,May
2022-05-31,395.77777777777777,9.498666666666665,3096.0,Tuesday,May
2022-06-01,4166.961805555556,100.00708333333334,18609.0,Wednesday,June
2022-06-02,2513.0104166666665,60.31225,15675.0,Thursday,June
2022-06-03,8035.340277777777,192.84816666666666,25662.0,Friday,June
2022-06-04,148.66666666666666,3.5679999999999996,2254.0,Saturday,June
2022-06-05,257.28472222222223,6.174833333333333,2254.0,Sunday,June
2022-06-06,5494.947916666667,131.87875,26717.0,Monday,June
2022-06-07,5364.861111111111,128.75666666666666,24780.0,Tuesday,June
2022-06-08,3212.215277777778,77.09316666666666,11273.0,Wednesday,June
2022-06-09,5057.472222222223,121.37933333333334,16201.0,Thursday,June
2022-06-10,4433.569444444444,106.40566666666666,13023.0,Friday,June
2022-06-11,658.875,15.813,3588.0,Saturday,June
2022-06-12,248.69791666666666,5.96875,2865.0,Sunday,June
2022-06-13,858.3194444444445,20.599666666666664,2131.0,Monday,June
2022-06-14,2840.3263888888887,68.16783333333333,11686.0,Tuesday,June
2022-06-15,7269.479166666667,174.4675,25353.0,Wednesday,June
2022-06-16,0.0,0.0,0.0,Thursday,June
2022-06-17,6302.982638888889,151.27158333333333,17301.0,Friday,June
2022-06-18,2577.6111111111113,61.86266666666666,6002.0,Saturday,June
2022-06-19,0.0,0.0,0.0,Sunday,June
2022-06-20,137.0,3.2879999999999994,3288.0,Monday,June
2022-06-21,8117.1875,194.8125,26909.0,Tuesday,June
2022-06-22,2259.7118055555557,54.23308333333333,9274.0,Wednesday,June
2022-06-23,5750.5625,138.0135,20026.0,Thursday,June
2022-06-24,2840.309027777778,68.16741666666667,10960.0,Friday,June
2022-06-25,1234.9027777777778,29.637666666666668,5168.0,Saturday,June
2022-06-26,0.0,0.0,0.0,Sunday,June
2022-06-27,4550.239583333333,109.20575,17423.0,Monday,June
2022-06-28,3951.815972222222,94.84358333333334,15183.0,Tuesday,June
2022-06-29,3744.847222222222,89.87633333333333,12970.0,Wednesday,June
2022-06-30,4482.399305555556,107.57758333333334,17017.0,Thursday,June
2022-07-01,5743.548611111111,137.84516666666667,18470.0,Friday,July
2022-07-02,200.88888888888889,4.8213333333333335,1808.0,Saturday,July
2022-07-03,0.0,0.0,0.0,Sunday,July
2022-07-04,0.0,0.0,0.0,Monday,July
2022-07-05,5262.65625,126.30375,17121.0,Tuesday,July
2022-07-06,5704.590277777777,136.91016666666667,19431.0,Wednesday,July
2022-07-07,2604.3645833333335,62.50475,10531.0,Thursday,July
2022-07-08,3320.6631944444443,79.69591666666666,5273.0,Friday,July
2022-07-09,4319.149305555556,103.65958333333333,6427.0,Saturday,July
2022-07-10,77.85069444444444,1.8684166666666664,3203.0,Sunday,July
2022-07-11,1879.2916666666667,45.102999999999994,7394.0,Monday,July
2022-07-12,6457.520833333333,154.9805,20150.0,Tuesday,July
2022-07-13,2081.4270833333335,49.95425,8454.0,Wednesday,July
2022-07-14,5723.28125,137.35875000000001,19360.0,Thursday,July
2022-07-15,2802.8854166666665,67.26925,10482.0,Friday,July
2022-07-16,1741.5104166666667,41.79625,5765.0,Saturday,July
2022-07-17,2815.4166666666665,67.57,11885.0,Sunday,July
2022-07-18,5135.236111111111,123.24566666666666,16343.0,Monday,July
2022-07-19,4983.0,119.59199999999998,18319.0,Tuesday,July
2022-07-20,3085.4930555555557,74.05183333333333,9410.0,Wednesday,July
2022-07-21,4340.670138888889,104.17608333333334,18531.0,Thursday,July
2022-07-22,1459.451388888889,35.02683333333333,8446.0,Friday,July
2022-07-23,1716.3819444444443,41.19316666666666,8478.0,Saturday,July
2022-07-24,0.0,0.0,0.0,Sunday,July
2022-07-25,7046.170138888889,169.10808333333335,19581.0,Monday,July
2022-07-26,1871.6458333333333,44.9195,7032.0,Tuesday,July
2022-07-27,6990.197916666667,167.76475,25522.0,Wednesday,July
2022-07-28,4280.788194444444,102.73891666666667,13253.0,Thursday,July
2022-07-29,6354.729166666667,152.5135,16748.0,Friday,July
2022-07-30,166.40625,3.99375,1917.0,Saturday,July
2022-07-31,0.0,0.0,0.0,Sunday,July
2022-08-01,5065.694444444444,121.57666666666665,18598.0,Monday,August
2022-08-02,6638.121527777777,159.31491666666668,40136.0,Tuesday,August
2022-08-03,3101.7013888888887,74.44083333333333,9310.0,Wednesday,August
2022-08-04,5004.0,120.096,17313.0,Thursday,August
2022-08-05,3796.5520833333335,91.11725,12007.0,Friday,August
2022-08-06,204.34027777777777,4.904166666666667,2354.0,Saturday,August
2022-08-07,0.0,0.0,0.0,Sunday,August
2022-08-08,5888.0625,141.3135,24006.0,Monday,August
2022-08-09,3142.1423611111113,75.41141666666667,12078.0,Tuesday,August
2022-08-10,4203.71875,100.88925,19101.0,Wednesday,August
2022-08-11,2705.1388888888887,64.92333333333333,11705.0,Thursday,August
2022-08-12,4263.125,102.315,12157.0,Friday,August
2022-08-13,3108.9166666666665,74.614,6444.0,Saturday,August
2022-08-14,1157.0868055555557,27.770083333333332,3647.0,Sunday,August
2022-08-15,504.89930555555554,12.117583333333334,2939.0,Monday,August
2022-08-16,4393.107638888889,105.43458333333334,11659.0,Tuesday,August
2022-08-17,3171.1354166666665,76.10725000000001,13464.0,Wednesday,August
2022-08-18,6157.701388888889,147.78483333333332,25386.0,Thursday,August
2022-08-19,1733.0243055555557,41.59258333333333,8947.0,Friday,August
2022-08-20,222.28472222222223,5.334833333333333,3093.0,Saturday,August
2022-08-21,3661.7673611111113,87.88241666666667,9460.0,Sunday,August
2022-08-22,4168.513888888889,100.04433333333333,17243.0,Monday,August
2022-08-23,4771.340277777777,114.51216666666666,12581.0,Tuesday,August
2022-08-24,6176.947916666667,148.24675,22901.0,Wednesday,August
2022-08-25,4119.697916666667,98.87275,14760.0,Thursday,August
2022-08-26,5027.378472222223,120.65708333333333,16523.0,Friday,August
2022-08-27,1217.9722222222222,29.231333333333335,5950.0,Saturday,August
2022-08-28,618.0798611111111,14.833916666666667,5867.0,Sunday,August
2022-08-29,3399.409722222222,81.58583333333333,14822.0,Monday,August
2022-08-30,6457.65625,154.98375000000001,21957.0,Tuesday,August
2022-08-31,3407.590277777778,81.78216666666667,20412.0,Wednesday,August
2022-09-01,4822.229166666667,115.73349999999999,15249.0,Thursday,September
2022-09-02,1561.6145833333333,37.47875,11282.0,Friday,September
2022-09-03,225.92708333333334,5.42225,3119.0,Saturday,September
2022-09-04,1240.3055555555557,29.767333333333333,5103.0,Sunday,September
2022-09-05,786.125,18.867,6289.0,Monday,September
2022-09-06,8783.805555555555,210.81133333333332,21834.0,Tuesday,September
2022-09-07,4377.336805555556,105.05608333333333,28403.0,Wednesday,September
2022-09-08,1490.53125,35.77275,10018.0,Thursday,September
2022-09-09,3204.65625,76.91175,7108.0,Friday,September
2022-09-10,327.09027777777777,7.850166666666666,2546.0,Saturday,September
2022-09-11,88.40277777777777,2.1216666666666666,2546.0,Sunday,September
2022-09-12,5446.434027777777,130.71441666666666,23757.0,Monday,September
2022-09-13,5836.930555555556,140.08633333333333,24163.0,Tuesday,September
2022-09-14,9354.270833333334,224.5025,27361.0,Wednesday,September
2022-09-15,1133.829861111111,27.211916666666667,6455.0,Thursday,September
2022-09-16,2292.5416666666665,55.020999999999994,6356.0,Friday,September
2022-09-17,799.0902777777778,19.178166666666666,5003.0,Saturday,September
2022-09-18,2194.8298611111113,52.675916666666666,6137.0,Sunday,September
2022-09-19,2153.347222222222,51.68033333333333,15578.0,Monday,September
2022-09-20,3253.7118055555557,78.08908333333333,12639.0,Tuesday,September
2022-09-21,2439.1145833333335,58.53875,11969.0,Wednesday,September
2022-09-22,2816.1458333333335,67.5875,10802.0,Thursday,September
2022-09-23,0.0,0.0,0.0,Friday,September
2022-09-24,1117.1944444444443,26.812666666666665,8882.0,Saturday,September
2022-09-25,535.0833333333334,12.842,6421.0,Sunday,September
2022-09-26,3258.940972222222,78.21458333333334,13683.0,Monday,September
2022-09-27,1612.7118055555557,38.705083333333334,9428.0,Tuesday,September
2022-09-28,3824.5,91.788,17390.0,Wednesday,September
2022-09-29,5194.628472222223,124.67108333333333,18155.0,Thursday,September
2022-09-30,451.75694444444446,10.842166666666666,7082.0,Friday,September
2022-10-01,0.0,0.0,0.0,Saturday,October
2022-10-02,0.0,0.0,0.0,Sunday,October
2022-10-03,2463.0694444444443,59.11366666666667,32583.0,Monday,October
2022-10-04,2586.90625,62.08575,15446.0,Tuesday,October
2022-10-05,4291.361111111111,102.99266666666666,14314.0,Wednesday,October
2022-10-06,3078.0694444444443,73.87366666666667,14542.0,Thursday,October
2022-10-07,2552.0763888888887,61.249833333333335,12020.0,Friday,October
2022-10-08,186.17361111111111,4.468166666666666,3154.0,Saturday,October
2022-10-09,161.14583333333334,3.8674999999999997,3094.0,Sunday,October
2022-10-10,1739.2708333333333,41.7425,15244.0,Monday,October
2022-10-11,7888.40625,189.32175,24633.0,Tuesday,October
2022-10-12,3051.8888888888887,73.24533333333333,8585.0,Wednesday,October
2022-10-13,9331.850694444445,223.96441666666666,27926.0,Thursday,October
2022-10-14,2647.96875,63.551249999999996,11472.0,Friday,October
2022-10-15,1705.25,40.926,6462.0,Saturday,October
2022-10-16,315.1354166666667,7.56325,3646.0,Sunday,October
2022-10-17,3318.6111111111113,79.64666666666666,12606.0,Monday,October
2022-10-18,7092.6875,170.2245,19535.0,Tuesday,October
2022-10-19,5292.625,127.023,18400.0,Wednesday,October
2022-10-20,6202.083333333333,148.85,18832.0,Thursday,October
2022-10-21,5577.416666666667,133.858,16422.0,Friday,October
2022-10-22,261.1979166666667,6.268749999999999,3009.0,Saturday,October
2022-10-23,0.0,0.0,0.0,Sunday,October
2022-10-24,7376.059027777777,177.02541666666667,29378.0,Monday,October
2022-10-25,6093.451388888889,146.24283333333332,27854.0,Tuesday,October
2022-10-26,6272.760416666667,150.54625000000001,26855.0,Wednesday,October
2022-10-27,2873.0694444444443,68.95366666666666,12692.0,Thursday,October
2022-10-28,2405.7430555555557,57.73783333333333,6382.0,Friday,October
2022-10-29,0.0,0.0,0.0,Saturday,October
2022-10-30,0.0,0.0,0.0,Sunday,October
2022-10-31,5060.795138888889,121.45908333333334,20929.0,Monday,October
2022-11-01,5187.284722222223,124.49483333333335,18673.0,Tuesday,November
2022-11-02,5075.895833333333,121.8215,19918.0,Wednesday,November
2022-11-03,4273.979166666667,102.57549999999999,12494.0,Thursday,November
2022-11-04,1627.9756944444443,39.071416666666664,6345.0,Friday,November
2022-11-05,1303.576388888889,31.285833333333333,6087.0,Saturday,November
2022-11-06,1721.0625,41.305499999999995,6140.0,Sunday,November
2022-11-07,7653.829861111111,183.69191666666666,24877.0,Monday,November
2022-11-08,6986.868055555556,167.68483333333333,18788.0,Tuesday,November
2022-11-09,5095.71875,122.29724999999999,15719.0,Wednesday,November
2022-11-10,5533.0,132.792,18310.0,Thursday,November
2022-11-11,0.0,0.0,0.0,Friday,November
2022-11-12,378.875,9.093,3031.0,Saturday,November
2022-11-13,52.864583333333336,1.2687499999999998,3045.0,Sunday,November
2022-11-14,4675.027777777777,112.20066666666666,16568.0,Monday,November
2022-11-15,2813.9548611111113,67.53491666666666,12048.0,Tuesday,November
2022-11-16,1321.1979166666667,31.70875,6103.0,Wednesday,November
2022-11-17,2493.3298611111113,59.83991666666667,12589.0,Thursday,November
2022-11-18,4393.951388888889,105.45483333333334,24546.0,Friday,November
2022-11-19,0.0,0.0,0.0,Saturday,November
2022-11-20,1478.8472222222222,35.492333333333335,12501.0,Sunday,November
2022-11-21,3130.2083333333335,75.125,11701.0,Monday,November
2022-11-22,1104.5833333333333,26.509999999999998,5574.0,Tuesday,November
2022-11-23,1788.2465277777778,42.91791666666667,6059.0,Wednesday,November
2022-11-24,0.0,0.0,0.0,Thursday,November
2022-11-25,0.0,0.0,0.0,Friday,November
2022-11-26,0.0,0.0,0.0,Saturday,November
2022-11-27,2074.8125,49.7955,12534.0,Sunday,November
2022-11-28,5250.423611111111,126.01016666666668,18152.0,Monday,November
2022-11-29,5962.795138888889,143.10708333333335,23153.0,Tuesday,November
2022-11-30,5953.736111111111,142.88966666666667,16692.0,Wednesday,November
2022-12-01,8653.961805555555,207.69508333333334,24864.0,Thursday,December
2022-12-02,0.0,0.0,0.0,Friday,December
2022-12-03,225.82291666666666,5.41975,3097.0,Saturday,December
2022-12-04,3584.3125,86.0235,17426.0,Sunday,December
2022-12-05,6524.770833333333,156.5945,24292.0,Monday,December
2022-12-06,8174.3125,196.1835,23850.0,Tuesday,December
2022-12-07,4167.722222222223,100.02533333333334,18808.0,Wednesday,December
2022-12-08,3692.3680555555557,88.61683333333333,20396.0,Thursday,December
2022-12-09,4122.527777777777,98.94066666666667,14582.0,Friday,December
2022-12-10,240.05208333333334,5.76125,6285.0,Saturday,December
2022-12-11,0.0,0.0,0.0,Sunday,December
2022-12-12,9192.003472222223,220.60808333333333,29713.0,Monday,December
2022-12-13,8997.815972222223,215.94758333333334,30375.0,Tuesday,December
2022-12-14,4142.371527777777,99.41691666666667,19726.0,Wednesday,December
2022-12-15,4431.385416666667,106.35325,18890.0,Thursday,December
2022-12-16,3094.159722222222,74.25983333333333,18505.0,Friday,December
2022-12-17,10.659722222222221,0.2558333333333333,3070.0,Saturday,December
2022-12-18,1396.295138888889,33.51108333333333,12409.0,Sunday,December
2022-12-19,1192.2708333333333,28.6145,6027.0,Monday,December
2022-12-20,2100.2881944444443,50.40691666666667,15548.0,Tuesday,December
2022-12-21,239.90277777777777,5.757666666666667,3004.0,Wednesday,December
2022-12-22,720.2708333333334,17.2865,6440.0,Thursday,December
2022-12-23,197.8125,4.7475,3165.0,Friday,December
2022-12-24,109.375,2.625,3150.0,Saturday,December
2022-12-25,0.0,0.0,0.0,Sunday,December
2022-12-26,0.0,0.0,0.0,Monday,December
2022-12-27,0.0,0.0,0.0,Tuesday,December
2022-12-28,0.0,0.0,0.0,Wednesday,December
2022-12-29,410.0,9.84,5904.0,Thursday,December
2022-12-30,0.0,0.0,0.0,Friday,December
2022-12-31,199.28125,4.78275,2733.0,Saturday,December
2023-01-01,0.0,0.0,0.0,Sunday,January
2023-01-02,2200.1458333333335,52.8035,12630.0,Monday,January
2023-01-03,4021.875,96.525,18478.0,Tuesday,January
2023-01-04,4878.246527777777,117.07791666666667,17057.0,Wednesday,January
2023-01-05,1765.204861111111,42.364916666666666,6159.0,Thursday,January
2023-01-06,5947.614583333333,142.74275,22717.0,Friday,January
2023-01-07,400.0,9.6,3200.0,Saturday,January
2023-01-08,920.1701388888889,22.084083333333336,6163.0,Sunday,January
2023-01-09,3564.2604166666665,85.54225000000001,12160.0,Monday,January
2023-01-10,2543.6493055555557,61.04758333333333,6208.0,Tuesday,January
2023-01-11,9081.645833333334,217.9595,24368.0,Wednesday,January
2023-01-12,8424.378472222223,202.18508333333335,36330.0,Thursday,January
2023-01-13,7451.069444444444,178.82566666666668,19949.0,Friday,January
2023-01-14,43.486111111111114,1.0436666666666665,3131.0,Saturday,January
2023-01-15,1145.170138888889,27.48408333333333,12321.0,Sunday,January
2023-01-16,3947.3020833333335,94.73525,12538.0,Monday,January
2023-01-17,7355.909722222223,176.54183333333333,22781.0,Tuesday,January
2023-01-18,6765.5625,162.3735,21620.0,Wednesday,January
2023-01-19,9389.100694444445,225.33841666666666,31216.0,Thursday,January
2023-01-20,1924.8020833333333,46.19525,6107.0,Friday,January
2023-01-21,2539.2013888888887,60.94083333333333,6477.0,Saturday,January
2023-01-22,246.69791666666666,5.92075,6459.0,Sunday,January
2023-01-23,10807.159722222223,259.3718333333333,36145.0,Monday,January
2023-01-24,8336.295138888889,200.07108333333335,25182.0,Tuesday,January
2023-01-25,6426.572916666667,154.23775,27928.0,Wednesday,January
2023-01-26,6298.829861111111,151.17191666666668,15278.0,Thursday,January
2023-01-27,8379.663194444445,201.11191666666667,24577.0,Friday,January
2023-01-28,1806.4722222222222,43.35533333333333,12633.0,Saturday,January
2023-01-29,1280.6319444444443,30.735166666666668,6359.0,Sunday,January
2023-01-30,4216.743055555556,101.20183333333334,17164.0,Monday,January
2023-01-31,3644.5381944444443,87.46891666666667,15900.0,Tuesday,January
2023-02-01,5097.711805555556,122.34508333333333,17489.0,Wednesday,February
2023-02-02,9893.819444444445,237.45166666666665,30114.0,Thursday,February
2023-02-03,3554.5520833333335,85.30925,12083.0,Friday,February
2023-02-04,511.03472222222223,12.264833333333334,6296.0,Saturday,February
2023-02-05,961.71875,23.08125,6155.0,Sunday,February
2023-02-06,7691.1875,184.58849999999998,24213.0,Monday,February
2023-02-07,9169.84375,220.07625000000002,35451.0,Tuesday,February
2023-02-08,4490.576388888889,107.77383333333333,18431.0,Wednesday,February
2023-02-09,8075.086805555556,193.80208333333334,28094.0,Thursday,February
2023-02-10,5773.121527777777,138.55491666666666,25092.0,Friday,February
2023-02-11,0.0,0.0,0.0,Saturday,February
2023-02-12,291.5520833333333,6.99725,6459.0,Sunday,February
2023-02-13,4238.409722222223,101.72183333333334,18729.0,Monday,February
2023-02-14,9674.03125,232.17675,27763.0,Tuesday,February
2023-02-15,6515.263888888889,156.36633333333333,24156.0,Wednesday,February
2023-02-16,6861.711805555556,164.68108333333333,18570.0,Thursday,February
2023-02-17,10169.135416666666,244.05925000000002,35685.0,Friday,February
2023-02-18,568.125,13.635,3030.0,Saturday,February
2023-02-19,3297.2326388888887,79.13358333333333,17562.0,Sunday,February
2023-02-20,3640.7604166666665,87.37825,12372.0,Monday,February
2023-02-21,8488.361111111111,203.72066666666666,27892.0,Tuesday,February
2023-02-22,5752.3125,138.0555,18021.0,Wednesday,February
2023-02-23,12893.836805555555,309.45208333333335,28788.0,Thursday,February
2023-02-24,6297.684027777777,151.14441666666667,18211.0,Friday,February
2023-02-25,881.2395833333334,21.14975,10917.0,Saturday,February
2023-02-26,1772.2708333333333,42.534499999999994,5262.0,Sunday,February
2023-02-27,7137.253472222223,171.29408333333333,22524.0,Monday,February
2023-02-28,8430.878472222223,202.34108333333333,29493.0,Tuesday,February
2023-03-01,6259.586805555556,150.23008333333334,30182.0,Wednesday,March
2023-03-02,6431.302083333333,154.35125,18483.0,Thursday,March
2023-03-03,6407.871527777777,153.78891666666667,28177.0,Friday,March
2023-03-04,698.4652777777778,16.763166666666667,6410.0,Saturday,March
2023-03-05,2210.3506944444443,53.04841666666667,12261.0,Sunday,March
2023-03-06,10342.604166666666,248.2225,34754.0,Monday,March
2023-03-07,3644.8333333333335,87.476,15199.0,Tuesday,March
2023-03-08,2225.3993055555557,53.40958333333333,5815.0,Wednesday,March
2023-03-09,3586.6423611111113,86.07941666666667,12247.0,Thursday,March
2023-03-10,3156.5520833333335,75.75725,17061.0,Friday,March
2023-03-11,1866.3194444444443,44.791666666666664,6133.0,Saturday,March
2023-03-12,774.6458333333334,18.5915,6005.0,Sunday,March
2023-03-13,7110.673611111111,170.65616666666665,29183.0,Monday,March
2023-03-14,3224.0694444444443,77.37766666666667,15420.0,Tuesday,March
2023-03-15,4881.534722222223,117.15683333333332,18802.0,Wednesday,March
2023-03-16,7225.069444444444,173.40166666666667,18760.0,Thursday,March
2023-03-17,6304.878472222223,151.31708333333333,22434.0,Friday,March
2023-03-18,576.75,13.842,6152.0,Saturday,March
2023-03-19,947.3194444444445,22.735666666666667,3289.0,Sunday,March
2023-03-20,6699.288194444444,160.78291666666667,18834.0,Monday,March
2023-03-21,5136.493055555556,123.27583333333334,18558.0,Tuesday,March
2023-03-22,5015.628472222223,120.37508333333334,17705.0,Wednesday,March
2023-03-23,10615.25,254.766,33905.0,Thursday,March
2023-03-24,8251.256944444445,198.03016666666667,36628.0,Friday,March
2023-03-25,3748.6388888888887,89.96733333333333,12554.0,Saturday,March
2023-03-26,1615.298611111111,38.76716666666667,11996.0,Sunday,March
2023-03-27,6458.711805555556,155.00908333333334,22445.0,Monday,March
2023-03-28,2676.8854166666665,64.24525,5987.0,Tuesday,March
2023-03-29,2587.15625,62.091750000000005,11352.0,Wednesday,March
2023-03-30,2537.7743055555557,60.90658333333333,9275.0,Thursday,March
2023-03-31,751.9756944444445,18.047416666666667,12388.0,Friday,March
2023-04-01,0.0,0.0,0.0,Saturday,April
2023-04-02,747.0,17.928,5976.0,Sunday,April
2023-04-03,5598.253472222223,134.35808333333333,22121.0,Monday,April
2023-04-04,4776.03125,114.62474999999999,18092.0,Tuesday,April
2023-04-05,4661.045138888889,111.86508333333333,15647.0,Wednesday,April
2023-04-06,2425.9756944444443,58.223416666666665,18101.0,Thursday,April
2023-04-07,6193.690972222223,148.64858333333333,19607.0,Friday,April
2023-04-08,0.0,0.0,0.0,Saturday,April
2023-04-09,0.0,0.0,0.0,Sunday,April
2023-04-10,10926.520833333334,262.2365,32933.0,Monday,April
2023-04-11,3805.2118055555557,91.32508333333334,18532.0,Tuesday,April
2023-04-12,8884.600694444445,213.23041666666666,30083.0,Wednesday,April
2023-04-13,6790.416666666667,162.97,16039.0,Thursday,April
2023-04-14,5319.1875,127.6605,12860.0,Friday,April
2023-04-15,3141.7361111111113,75.40166666666667,18804.0,Saturday,April
2023-04-16,0.0,0.0,0.0,Sunday,April
2023-04-17,10095.017361111111,242.28041666666667,25856.0,Monday,April
2023-04-18,5184.527777777777,124.42866666666667,22514.0,Tuesday,April
2023-04-19,4122.597222222223,98.94233333333334,20425.0,Wednesday,April
2023-04-20,4643.836805555556,111.45208333333333,17654.0,Thursday,April
2023-04-21,2080.2916666666665,49.927,6302.0,Friday,April
2023-04-22,1503.0104166666667,36.07225,7357.0,Saturday,April
2023-04-23,2157.1666666666665,51.772000000000006,9708.0,Sunday,April
2023-04-24,3027.4861111111113,72.65966666666667,12897.0,Monday,April
2023-04-25,7171.899305555556,172.12558333333334,18768.0,Tuesday,April
2023-04-26,4176.475694444444,100.23541666666667,18269.0,Wednesday,April
2023-04-27,3897.715277777778,93.54516666666667,18890.0,Thursday,April
2023-04-28,4651.565972222223,111.63758333333332,12914.0,Friday,April
2023-04-29,399.5,9.588000000000001,6392.0,Saturday,April
2023-04-30,172.38888888888889,4.137333333333333,6206.0,Sunday,April
2023-05-01,5340.013888888889,128.16033333333334,17737.0,Monday,May
2023-05-02,2747.1493055555557,65.93158333333334,11582.0,Tuesday,May
2023-05-03,4908.322916666667,117.79975,18543.0,Wednesday,May
2023-05-04,2943.3298611111113,70.63991666666666,11981.0,Thursday,May
2023-05-05,7681.996527777777,184.36791666666667,29825.0,Friday,May
2023-05-06,0.0,0.0,0.0,Saturday,May
2023-05-07,0.0,0.0,0.0,Sunday,May
2023-05-08,4128.4375,99.0825,12934.0,Monday,May
2023-05-09,6369.315972222223,152.86358333333334,18923.0,Tuesday,May
2023-05-10,1434.2465277777778,34.42191666666667,9421.0,Wednesday,May
2023-05-11,4540.520833333333,108.9725,12201.0,Thursday,May
2023-05-12,5477.111111111111,131.45066666666665,25274.0,Friday,May
2023-05-13,0.0,0.0,0.0,Saturday,May
2023-05-14,1551.9444444444443,37.24666666666666,6040.0,Sunday,May
2023-05-15,4129.097222222223,99.09833333333334,12112.0,Monday,May
2023-05-16,7093.510416666667,170.24425,30743.0,Tuesday,May
2023-05-17,4948.152777777777,118.75566666666666,18275.0,Wednesday,May
2023-05-18,4286.645833333333,102.87950000000001,15017.0,Thursday,May
2023-05-19,3163.6631944444443,75.92791666666666,11911.0,Friday,May
2023-05-20,264.5138888888889,6.348333333333334,5860.0,Saturday,May
2023-05-21,0.0,0.0,0.0,Sunday,May
2023-05-22,7856.71875,188.56125,26706.0,Monday,May
2023-05-23,7896.430555555556,189.51433333333333,24932.0,Tuesday,May
2023-05-24,2731.3194444444443,65.55166666666666,6377.0,Wednesday,May
2023-05-25,5594.888888888889,134.27733333333333,21637.0,Thursday,May
2023-05-26,5812.170138888889,139.49208333333334,18055.0,Friday,May
2023-05-27,0.0,0.0,0.0,Saturday,May
2023-05-28,0.0,0.0,0.0,Sunday,May
2023-05-29,0.0,0.0,0.0,Monday,May
2023-05-30,3166.875,76.005,12519.0,Tuesday,May
2023-05-31,1728.6666666666667,41.48800000000001,6224.0,Wednesday,May
2023-06-01,2505.815972222222,60.139583333333334,9479.0,Thursday,June
2023-06-02,3039.9583333333335,72.959,12550.0,Friday,June
2023-06-03,1030.5277777777778,24.732666666666663,6452.0,Saturday,June
2023-06-04,0.0,0.0,0.0,Sunday,June
2023-06-05,2343.6076388888887,56.246583333333334,12093.0,Monday,June
2023-06-06,3473.9756944444443,83.37541666666667,12566.0,Tuesday,June
2023-06-07,5820.534722222223,139.69283333333334,18657.0,Wednesday,June
2023-06-08,5063.493055555556,121.52383333333333,21079.0,Thursday,June
2023-06-09,1961.923611111111,47.08616666666667,6011.0,Friday,June
2023-06-10,783.1180555555555,18.794833333333333,6345.0,Saturday,June
2023-06-11,0.0,0.0,0.0,Sunday,June
2023-06-12,3756.6666666666665,90.16,18326.0,Monday,June
2023-06-13,473.74652777777777,11.369916666666667,5909.0,Tuesday,June
2023-06-14,4972.670138888889,119.34408333333334,15374.0,Wednesday,June
2023-06-15,5588.513888888889,134.12433333333334,17364.0,Thursday,June
2023-06-16,1451.7708333333333,34.8425,6335.0,Friday,June
2023-06-17,792.7256944444445,19.025416666666665,6523.0,Saturday,June
2023-06-18,1488.2291666666667,35.7175,6123.0,Sunday,June
2023-06-19,1438.4027777777778,34.52166666666667,6448.0,Monday,June
2023-06-20,1939.8854166666667,46.55725,6408.0,Tuesday,June
2023-06-21,3526.1041666666665,84.6265,12110.0,Wednesday,June
2023-06-22,3279.4131944444443,78.70591666666667,14567.0,Thursday,June
2023-06-23,1868.6319444444443,44.84716666666667,8701.0,Friday,June
2023-06-24,636.0381944444445,15.264916666666666,5909.0,Saturday,June
2023-06-25,0.0,0.0,0.0,Sunday,June
2023-06-26,5705.229166666667,136.9255,16593.0,Monday,June
2023-06-27,5809.142361111111,139.41941666666668,17788.0,Tuesday,June
2023-06-28,6387.611111111111,153.30266666666665,24051.0,Wednesday,June
2023-06-29,3319.9895833333335,79.67975,10907.0,Thursday,June
2023-06-30,2512.027777777778,60.288666666666664,12210.0,Friday,June
2023-07-01,269.0833333333333,6.458,3229.0,Saturday,July
2023-07-02,1363.3715277777778,32.72091666666667,11758.0,Sunday,July
2023-07-03,0.0,0.0,0.0,Monday,July
2023-07-04,585.1041666666666,14.0425,6204.0,Tuesday,July
2023-07-05,4647.329861111111,111.53591666666667,22073.0,Wednesday,July
2023-07-06,3747.0520833333335,89.92925,14254.0,Thursday,July
2023-07-07,1420.798611111111,34.09916666666667,12026.0,Friday,July
2023-07-08,0.0,0.0,0.0,Saturday,July
2023-07-09,0.0,0.0,0.0,Sunday,July
2023-07-10,3231.40625,77.55375000000001,12291.0,Monday,July
2023-07-11,2980.378472222222,71.52908333333335,12105.0,Tuesday,July
2023-07-12,1966.8541666666667,47.2045,6072.0,Wednesday,July
2023-07-13,3786.6319444444443,90.87916666666666,18725.0,Thursday,July
2023-07-14,3769.809027777778,90.47541666666666,12213.0,Friday,July
2023-07-15,1203.4930555555557,28.883833333333335,11694.0,Saturday,July
2023-07-16,0.15625,0.00375,3.0,Sunday,July
2023-07-17,8184.739583333333,196.43375,26821.0,Monday,July
2023-07-18,6793.520833333333,163.0445,24536.0,Tuesday,July
2023-07-19,6026.368055555556,144.63283333333334,23477.0,Wednesday,July
2023-07-20,3436.409722222222,82.47383333333333,9986.0,Thursday,July
2023-07-21,3936.5,94.476,15562.0,Friday,July
2023-07-22,366.78125,8.80275,3276.0,Saturday,July
2023-07-23,287.625,6.9030000000000005,3186.0,Sunday,July
2023-07-24,6373.840277777777,152.97216666666665,25160.0,Monday,July
2023-07-25,4609.284722222223,110.62283333333333,18650.0,Tuesday,July
2023-07-26,6403.072916666667,153.67374999999998,22837.0,Wednesday,July
2023-07-27,2315.0729166666665,55.56175,9161.0,Thursday,July
2023-07-28,2285.7256944444443,54.857416666666666,11997.0,Friday,July
2023-07-29,0.0,0.0,0.0,Saturday,July
2023-07-30,0.0,0.0,0.0,Sunday,July
2023-07-31,0.0,0.0,0.0,Monday,July
2023-08-01,77.54166666666667,1.8610000000000002,3168.0,Tuesday,August
2023-08-02,4278.28125,102.67875000000001,18240.0,Wednesday,August
2023-08-03,1725.75,41.418,6372.0,Thursday,August
2023-08-04,2674.3194444444443,64.18366666666667,15658.0,Friday,August
2023-08-05,844.1979166666666,20.26075,6327.0,Saturday,August
2023-08-06,317.1458333333333,7.6114999999999995,5880.0,Sunday,August
2023-08-07,4922.631944444444,118.14316666666667,15028.0,Monday,August
2023-08-08,3686.3125,88.47149999999999,12431.0,Tuesday,August
2023-08-09,2722.934027777778,65.35041666666666,15249.0,Wednesday,August
2023-08-10,4216.28125,101.19075,24675.0,Thursday,August
2023-08-11,2527.1875,60.6525,11658.0,Friday,August
2023-08-12,654.6597222222222,15.711833333333335,6082.0,Saturday,August
2023-08-13,2235.28125,53.64675,12623.0,Sunday,August
2023-08-14,3441.5173611111113,82.59641666666666,15808.0,Monday,August
2023-08-15,1596.21875,38.30925,9559.0,Tuesday,August
2023-08-16,8607.395833333334,206.5775,25317.0,Wednesday,August
